{
  "as_of": "2026-03-02",
  "micro_markets": 60,
  "avg_attractiveness": 50.09666666666667,
  "avg_whitespace": 45.41,
  "total_gap": 79,
  "coverage_avg": 0.09175000000000001
}