cluster_id,micro_markets,avg_attractiveness,avg_whitespace,avg_coverage,total_gap,avg_readiness
1,17,55.8235294117647,56.91764705882353,0.0,27,100.0
4,15,55.04,52.04,0.10400000000000001,24,100.0
2,1,52.6,50.2,0.0,2,100.0
5,12,40.391666666666666,38.96666666666666,0.045000000000000005,10,100.0
3,10,44.239999999999995,37.15,0.0,14,100.0
0,5,50.3,17.419999999999998,0.6809999999999999,2,100.0
